﻿<mockup version="5.3" minAllowVersion="5.3" ID="52AD62C9-90EC-4C52-81A4-2FE074BE431C" platform="MtWeb" defaultW="1920" defaultH="4000" measureW="1920" measureH="2512" mobileScreenScale="0">
  <controls controlCount="92">
    <control controlID="D10010B7-A277-4253-BBD4-992B23E67789" controlTypeID="Image" x="0" y="60" w="1920" h="380" zOrder="0">
      <URL>6FC4A5E97F1E7A074A5C1061C532D135.jpeg</URL>
    </control>
    <control controlID="AB609A6E-408B-4794-B41C-CD37AD126361" controlTypeID="Panel" x="0" y="0" w="1920" h="60" zOrder="1">
      <borderVisible>False</borderVisible>
      <groupChildrenDescriptors>
        <control controlID="E6CD43A3-FF5C-4837-A651-7D196C22845A" controlTypeID="Image" x="188" y="10" w="40" h="40" zOrder="0">
          <URL>E0CB9241CF7492313283BA6351728768.png</URL>
        </control>
        <control controlID="99959130-0BB1-42DF-917A-50BBB1A36C25" controlTypeID="Search" x="1507" y="18" w="216" h="24" zOrder="1">
          <borderColor>4291414473</borderColor>
          <font family="Segoe+UI" displayName="Segoe+UI" postScript="" weightStyle="Regular" weight="400" isBold="False" isItalic="False" useDefaultFontFamily="False"/>
          <textSize>14</textSize>
          <textVAlign>VaTop</textVAlign>
          <lineSpacing>0</lineSpacing>
          <selectedIndex>-1</selectedIndex>
          <radiusIsPercent>False</radiusIsPercent>
          <radius>0</radius>
          <textDirection>tdLeft</textDirection>
        </control>
        <control controlID="CF2580FA-09D9-4575-8CE8-BCFBF9941341" controlTypeID="Label" x="268" y="16" w="81" h="27" zOrder="2">
          <font family="Segoe+UI" displayName="Segoe+UI" postScript="" weightStyle="Regular" weight="400" isBold="False" isItalic="False"/>
          <text>Offerings</text>
          <textSize>20</textSize>
          <lineSpacing>0</lineSpacing>
          <useDefaultTextSize>False</useDefaultTextSize>
          <selectedIndex>-1</selectedIndex>
        </control>
        <control controlID="475AEB17-347F-4943-BD26-F8A7C617B64F" controlTypeID="Label" x="389" y="16" w="85" h="27" zOrder="3">
          <font family="Segoe+UI" displayName="Segoe+UI" postScript="" weightStyle="Regular" weight="400" isBold="False" isItalic="False"/>
          <text>Industries</text>
          <textSize>20</textSize>
          <lineSpacing>0</lineSpacing>
          <useDefaultTextSize>False</useDefaultTextSize>
          <selectedIndex>-1</selectedIndex>
        </control>
        <control controlID="95E2A4A6-4F09-4B7C-BE01-A2DF37CD4053" controlTypeID="Label" x="514" y="16" w="67" h="27" zOrder="4">
          <font family="Segoe+UI" displayName="Segoe+UI" postScript="" weightStyle="Regular" weight="400" isBold="False" isItalic="False"/>
          <text>Insights</text>
          <textSize>20</textSize>
          <lineSpacing>0</lineSpacing>
          <useDefaultTextSize>False</useDefaultTextSize>
          <selectedIndex>-1</selectedIndex>
        </control>
        <control controlID="6CA24102-EDFA-4C8D-94F3-0CCCFA512A98" controlTypeID="Label" x="621" y="16" w="48" h="27" zOrder="5">
          <font family="Segoe+UI" displayName="Segoe+UI" postScript="" weightStyle="Regular" weight="400" isBold="False" isItalic="False"/>
          <text>News</text>
          <textSize>20</textSize>
          <lineSpacing>0</lineSpacing>
          <useDefaultTextSize>False</useDefaultTextSize>
          <selectedIndex>-1</selectedIndex>
        </control>
        <control controlID="83DDDEED-D8C0-474E-8F04-FDB2284F7AEF" controlTypeID="Label" x="709" y="16" w="56" h="27" zOrder="6">
          <font family="Segoe+UI" displayName="Segoe+UI" postScript="" weightStyle="Regular" weight="400" isBold="False" isItalic="False"/>
          <text>Events</text>
          <textSize>20</textSize>
          <lineSpacing>0</lineSpacing>
          <useDefaultTextSize>False</useDefaultTextSize>
          <selectedIndex>-1</selectedIndex>
        </control>
        <control controlID="631EF353-F1EF-489F-96C6-90D934D61E8E" controlTypeID="Label" x="805" y="16" w="83" h="27" zOrder="7">
          <font family="Segoe+UI" displayName="Segoe+UI" postScript="" weightStyle="Regular" weight="400" isBold="False" isItalic="False"/>
          <text>About+UL</text>
          <textSize>20</textSize>
          <lineSpacing>0</lineSpacing>
          <useDefaultTextSize>False</useDefaultTextSize>
          <selectedIndex>-1</selectedIndex>
        </control>
        <control controlID="5BB639A6-6D62-4961-9C9E-F9FB667D304C" controlTypeID="Label" x="928" y="16" w="88" h="27" zOrder="8">
          <font family="Segoe+UI" displayName="Segoe+UI" postScript="" weightStyle="Regular" weight="400" isBold="False" isItalic="False"/>
          <text>Resources</text>
          <textSize>20</textSize>
          <lineSpacing>0</lineSpacing>
          <useDefaultTextSize>False</useDefaultTextSize>
          <selectedIndex>-1</selectedIndex>
        </control>
        <control controlID="FCE3A604-242E-4A0C-89B8-D095E10506F9" controlTypeID="Border" x="0" y="0" w="1920" h="60" zOrder="9">
          <borderVisible>False</borderVisible>
          <alias>borderLayer</alias>
        </control>
      </groupChildrenDescriptors>
      <thinkness>1</thinkness>
    </control>
    <control controlID="570AC470-4F30-48F9-A801-3D8303FAD09E" controlTypeID="Panel" x="188" y="112" w="924" h="277" zOrder="2">
      <color>2958579800</color>
      <borderVisible>False</borderVisible>
      <groupChildrenDescriptors>
        <control controlID="BCB3AA92-66F5-47B0-AD21-8AF6A3A79ABC" controlTypeID="Label" x="58" y="49" w="318" h="48" zOrder="0">
          <font family="Segoe+UI" displayName="Segoe+UI" postScript="" weightStyle="Regular" weight="400" isBold="False" isItalic="False"/>
          <text>Center+of+Excellence</text>
          <textColor>4294967295</textColor>
          <textSize>36</textSize>
          <lineSpacing>0</lineSpacing>
          <useDefaultTextSize>False</useDefaultTextSize>
          <selectedIndex>-1</selectedIndex>
        </control>
        <control controlID="51E6C1C9-44C6-4E3D-9BF6-F369584074A2" controlTypeID="Label" x="58" y="107" w="529" h="22" zOrder="1">
          <font family="Segoe+UI" displayName="Segoe+UI" postScript="" weightStyle="Regular" weight="400" isBold="False" isItalic="False"/>
          <text>Join+the+DevOps+team+that+supports+world-wide+digital+infrastructure+of+UL.</text>
          <textColor>4294967295</textColor>
          <textSize>16</textSize>
          <lineSpacing>0</lineSpacing>
          <useDefaultTextSize>False</useDefaultTextSize>
          <selectedIndex>-1</selectedIndex>
        </control>
        <control controlID="8C105E2C-BCDD-4F7D-A6C3-04F964C54C1A" controlTypeID="Button" x="58" y="185" w="189" h="44" zOrder="2">
          <color>4290781234</color>
          <borderVisible>False</borderVisible>
          <externalURL>https%3A%2F%2Fhub-ul.icims.com%2Fjobs%2Fintro</externalURL>
          <font family="Segoe+UI" displayName="Segoe+UI+Bold" postScript="" weightStyle="Bold" weight="700" isBold="True" isItalic="False"/>
          <text>Search+jobs</text>
          <textColor>4294111986</textColor>
          <lineSpacing>0</lineSpacing>
          <textStyles>[fsBold]</textStyles>
          <selectedIndex>-1</selectedIndex>
          <radius>4</radius>
        </control>
        <control controlID="D3F68CC8-0ED5-4A9C-A50A-D4C3EC430B69" controlTypeID="Border" x="0" y="0" w="924" h="277" zOrder="3">
          <borderVisible>False</borderVisible>
          <alias>borderLayer</alias>
        </control>
      </groupChildrenDescriptors>
      <thinkness>1</thinkness>
    </control>
    <control controlID="3A1603F8-D953-481A-922D-366EB7979155" controlTypeID="Panel" x="0" y="440" w="1920" h="1447" zOrder="3">
      <groupChildrenDescriptors>
        <control controlID="F45695F5-D9F5-4B82-A632-0BA90D807110" controlTypeID="Image" x="350" y="60" w="438" h="307" zOrder="0">
          <URL>42B527A8EC4112066E241342ED0CD22E.jpeg</URL>
        </control>
        <control controlID="D272A1EF-D64B-4E14-85F5-C36CC798C61C" controlTypeID="__group__" x="848" y="72" w="691" h="283" zOrder="1">
          <groupChildrenDescriptors>
            <control controlID="AAF365B6-83B0-4237-B798-37A01D5A7EE9" controlTypeID="Label" x="0" y="0" w="122" h="48" zOrder="0">
              <font family="Segoe+UI" displayName="Segoe+UI" postScript="" weightStyle="Regular" weight="400" isBold="False" isItalic="False"/>
              <text>Why+UL</text>
              <textSize>36</textSize>
              <lineSpacing>0</lineSpacing>
              <useDefaultTextSize>False</useDefaultTextSize>
              <selectedIndex>-1</selectedIndex>
            </control>
            <control controlID="60B5E97E-D4BD-4436-9E12-B36638EC98AC" controlTypeID="Button" x="0" y="239" w="247" h="44" zOrder="1">
              <externalURL>https%3A%2F%2Fwww.ul.com%2Fabout</externalURL>
              <font family="Segoe+UI" displayName="Segoe+UI" postScript="" weightStyle="Regular" weight="400" isBold="False" isItalic="False"/>
              <text>Learn+more+about+UL</text>
              <lineSpacing>0</lineSpacing>
              <selectedIndex>-1</selectedIndex>
              <radius>4</radius>
            </control>
            <control controlID="BB2A389E-B5A5-43E0-B9B8-BE96D140384D" controlTypeID="TextArea" x="0" y="78" w="691" h="131" zOrder="2">
              <font family="Segoe+UI" displayName="Segoe+UI" postScript="" weightStyle="Regular" weight="400" isBold="False" isItalic="False"/>
              <text>Duis+porttitor+vulputate+arcu%2C+at+hendrerit+eros+cursus+accumsan.+Donec+a+dui+vitae+velit+feugiat+vulputate.+Aliquam+erat+volutpat.+In+quis+leo+nec+urna+iaculis+luctus.+Mauris+ut+lorem+at+odio+volutpat+maximus+ut+nec+erat.+Donec+vulputate+urna+eu+magna+venenatis%2C+a+fermentum+nisi+lacinia.+Nam+tempor+luctus+nisl.+Nulla+nunc+metus%2C+imperdiet+id+luctus+at%2C+feugiat+ac+nibh.+Donec+non+tempus+ipsum.+Nunc+enim+nulla%2C+placerat+a+ornare+vitae%2C+pretium+convallis+tellus.+Proin+posuere+aliquet+sem+ac+laoreet.+Suspendisse+non+turpis+pellentesque%2C+auctor+turpis+et%2C+laoreet+nisi.+Nullam+euismod+ligula+urna%2C+eu+porttitor+odio+elementum+non.+Ut+pretium+felis+tortor%2C+sed+auctor+nisi+tempor+eu.%0D%0A</text>
              <textSize>16</textSize>
              <useDefaultTextSize>False</useDefaultTextSize>
              <selectedIndex>-1</selectedIndex>
            </control>
          </groupChildrenDescriptors>
        </control>
        <control controlID="0C4B2FDF-416D-4413-AD3E-C6700F82BE66" controlTypeID="Image" x="1132" y="425" w="438" h="307" zOrder="2">
          <URL>003F91C1D746A17223BE2FFCE6C48528.jpg</URL>
        </control>
        <control controlID="C2B23A50-D54A-4768-ABDC-4715D55492E0" controlTypeID="__group__" x="350" y="456" w="691" h="243" zOrder="3">
          <groupChildrenDescriptors>
            <control controlID="480E14FA-3CDA-43D0-A149-20674BC17C02" controlTypeID="Label" x="0" y="0" w="318" h="48" zOrder="0">
              <font family="Segoe+UI" displayName="Segoe+UI" postScript="" weightStyle="Regular" weight="400" isBold="False" isItalic="False"/>
              <text>Center+of+Excellence</text>
              <textSize>36</textSize>
              <lineSpacing>0</lineSpacing>
              <useDefaultTextSize>False</useDefaultTextSize>
              <selectedIndex>-1</selectedIndex>
            </control>
            <control controlID="F3F6778E-44A0-4012-9B32-6335E2E0E8B4" controlTypeID="TextArea" x="0" y="78" w="691" h="165" zOrder="1">
              <font family="Segoe+UI" displayName="Segoe+UI" postScript="" weightStyle="Regular" weight="400" isBold="False" isItalic="False"/>
              <text>Duis+porttitor+vulputate+arcu%2C+at+hendrerit+eros+cursus+accumsan.+Donec+a+dui+vitae+velit+feugiat+vulputate.+Aliquam+erat+volutpat.+In+quis+leo+nec+urna+iaculis+luctus.+Mauris+ut+lorem+at+odio+volutpat+maximus+ut+nec+erat.+Donec+vulputate+urna+eu+magna+venenatis%2C+a+fermentum+nisi+lacinia.+Nam+tempor+luctus+nisl.+Nulla+nunc+metus%2C+imperdiet+id+luctus+at%2C+feugiat+ac+nibh.+Donec+non+tempus+ipsum.+Nunc+enim+nulla%2C+placerat+a+ornare+vitae%2C+pretium+convallis+tellus.+Proin+posuere+aliquet+sem+ac+laoreet.+Suspendisse+non+turpis+pellentesque%2C+auctor+turpis+et%2C+laoreet+nisi.+Nullam+euismod+ligula+urna%2C+eu+porttitor+odio+elementum+non.+Ut+pretium+felis+tortor%2C+sed+auctor+nisi+tempor+eu.%0D%0A</text>
              <textSize>16</textSize>
              <useDefaultTextSize>False</useDefaultTextSize>
              <selectedIndex>-1</selectedIndex>
            </control>
          </groupChildrenDescriptors>
        </control>
        <control controlID="F9697459-B010-43B1-A70F-850E216097D4" controlTypeID="Panel" x="350" y="792" w="595" h="282" zOrder="4">
          <groupChildrenDescriptors>
            <control controlID="FC9BFBEA-A74B-4BD9-8978-F6C8AE68F146" controlTypeID="Label" x="30" y="30" w="339" h="48" zOrder="0">
              <font family="Segoe+UI" displayName="Segoe+UI" postScript="" weightStyle="Regular" weight="400" isBold="False" isItalic="False"/>
              <text>IT+Technical+Specialist</text>
              <textSize>36</textSize>
              <lineSpacing>0</lineSpacing>
              <useDefaultTextSize>False</useDefaultTextSize>
              <selectedIndex>-1</selectedIndex>
            </control>
            <control controlID="959F7E3E-8A3C-4262-A021-C30F458F2861" controlTypeID="TextArea" x="30" y="101" w="535" h="88" zOrder="1">
              <font family="Segoe+UI" displayName="Segoe+UI" postScript="" weightStyle="Regular" weight="400" isBold="False" isItalic="False"/>
              <text>Vivamus+eu+tellus+eleifend%2C+iaculis+orci+non%2C+sollicitudin+orci.+Aenean+orci+leo%2C+sodales+a+eleifend+id%2C+hendrerit+eget+nunc.+Quisque+tellus+nulla%2C+interdum+quis+magna+vel%2C+convallis+rhoncus+erat.+Phasellus+ac+interdum+est.+Integer+dapibus+pharetra+fermentum.+Curabitur+ut+tellus+tellus.+Fusce+viverra+auctor+placerat.+Etiam+nec+volutpat+enim.+Aenean+aliquam+bibendum+augue%2C+vitae+tincidunt+mi.+Aliquam+efficitur+nec+nulla+quis+fermentum.+In+hac+habitasse+platea+dictumst.+Sed+ac+tellus+vel+dui+porta+hendrerit+id+a+augue.+Suspendisse+potenti.%0D%0A</text>
              <textSize>16</textSize>
              <useDefaultTextSize>False</useDefaultTextSize>
              <selectedIndex>-1</selectedIndex>
            </control>
            <control controlID="575FAF80-62E3-4859-A1F1-6F0B0E22C3AB" controlTypeID="Button" x="30" y="208" w="140" h="44" zOrder="2">
              <externalURL>https%3A%2F%2Fusenglish-ul.icims.com%2Fjobs%2F15798%2Fit-technical-specialist%2Fjob</externalURL>
              <font family="Segoe+UI" displayName="Segoe+UI" postScript="" weightStyle="Regular" weight="400" isBold="False" isItalic="False"/>
              <text>Apply+now</text>
              <lineSpacing>0</lineSpacing>
              <selectedIndex>-1</selectedIndex>
              <radius>4</radius>
            </control>
            <control controlID="CE49CE3E-9F8F-44AE-9805-B83F59DBD376" controlTypeID="Border" x="0" y="0" w="595" h="282" zOrder="3">
              <alias>borderLayer</alias>
            </control>
          </groupChildrenDescriptors>
          <thinkness>1</thinkness>
        </control>
        <control controlID="587FAEE3-EF57-4FF7-BAD0-4B1ECAC992AB" controlTypeID="Panel" x="975" y="792" w="595" h="282" zOrder="5">
          <groupChildrenDescriptors>
            <control controlID="6285DB95-5A65-48C3-8F20-F1933B37114C" controlTypeID="Label" x="30" y="30" w="307" h="48" zOrder="0">
              <font family="Segoe+UI" displayName="Segoe+UI" postScript="" weightStyle="Regular" weight="400" isBold="False" isItalic="False"/>
              <text>IT+Technical+Analyst</text>
              <textSize>36</textSize>
              <lineSpacing>0</lineSpacing>
              <useDefaultTextSize>False</useDefaultTextSize>
              <selectedIndex>-1</selectedIndex>
            </control>
            <control controlID="20AE159D-8535-4664-B497-E0369BBAD70F" controlTypeID="TextArea" x="30" y="101" w="535" h="88" zOrder="1">
              <font family="Segoe+UI" displayName="Segoe+UI" postScript="" weightStyle="Regular" weight="400" isBold="False" isItalic="False"/>
              <text>Vivamus+eu+tellus+eleifend%2C+iaculis+orci+non%2C+sollicitudin+orci.+Aenean+orci+leo%2C+sodales+a+eleifend+id%2C+hendrerit+eget+nunc.+Quisque+tellus+nulla%2C+interdum+quis+magna+vel%2C+convallis+rhoncus+erat.+Phasellus+ac+interdum+est.+Integer+dapibus+pharetra+fermentum.+Curabitur+ut+tellus+tellus.+Fusce+viverra+auctor+placerat.+Etiam+nec+volutpat+enim.+Aenean+aliquam+bibendum+augue%2C+vitae+tincidunt+mi.+Aliquam+efficitur+nec+nulla+quis+fermentum.+In+hac+habitasse+platea+dictumst.+Sed+ac+tellus+vel+dui+porta+hendrerit+id+a+augue.+Suspendisse+potenti.%0D%0A</text>
              <textSize>16</textSize>
              <useDefaultTextSize>False</useDefaultTextSize>
              <selectedIndex>-1</selectedIndex>
            </control>
            <control controlID="D9326974-F404-4FAD-8B2C-90F6F3AC9674" controlTypeID="Button" x="30" y="208" w="140" h="44" zOrder="2">
              <externalURL>https%3A%2F%2Fusenglish-ul.icims.com%2Fjobs%2F15538%2Fit-technical-analyst%2Fjob</externalURL>
              <font family="Segoe+UI" displayName="Segoe+UI" postScript="" weightStyle="Regular" weight="400" isBold="False" isItalic="False"/>
              <text>Apply+now</text>
              <lineSpacing>0</lineSpacing>
              <selectedIndex>-1</selectedIndex>
              <radius>4</radius>
            </control>
            <control controlID="52F40FD0-BCEE-44E9-AA7C-BE431D5F006F" controlTypeID="Border" x="0" y="0" w="595" h="282" zOrder="3">
              <alias>borderLayer</alias>
            </control>
          </groupChildrenDescriptors>
          <thinkness>1</thinkness>
        </control>
        <control controlID="A1A95B39-A84F-473F-B33D-06913FACDE03" controlTypeID="Panel" x="350" y="1104" w="595" h="282" zOrder="6">
          <groupChildrenDescriptors>
            <control controlID="6FC658D7-3920-41A2-926D-6387F6784D04" controlTypeID="Label" x="30" y="30" w="395" h="48" zOrder="0">
              <font family="Segoe+UI" displayName="Segoe+UI" postScript="" weightStyle="Regular" weight="400" isBold="False" isItalic="False"/>
              <text>IT+Developement+Analyst</text>
              <textSize>36</textSize>
              <lineSpacing>0</lineSpacing>
              <useDefaultTextSize>False</useDefaultTextSize>
              <selectedIndex>-1</selectedIndex>
            </control>
            <control controlID="7EC8F3D4-590F-4179-9CFF-27FBB2765E0B" controlTypeID="TextArea" x="30" y="101" w="535" h="88" zOrder="1">
              <font family="Segoe+UI" displayName="Segoe+UI" postScript="" weightStyle="Regular" weight="400" isBold="False" isItalic="False"/>
              <text>Vivamus+eu+tellus+eleifend%2C+iaculis+orci+non%2C+sollicitudin+orci.+Aenean+orci+leo%2C+sodales+a+eleifend+id%2C+hendrerit+eget+nunc.+Quisque+tellus+nulla%2C+interdum+quis+magna+vel%2C+convallis+rhoncus+erat.+Phasellus+ac+interdum+est.+Integer+dapibus+pharetra+fermentum.+Curabitur+ut+tellus+tellus.+Fusce+viverra+auctor+placerat.+Etiam+nec+volutpat+enim.+Aenean+aliquam+bibendum+augue%2C+vitae+tincidunt+mi.+Aliquam+efficitur+nec+nulla+quis+fermentum.+In+hac+habitasse+platea+dictumst.+Sed+ac+tellus+vel+dui+porta+hendrerit+id+a+augue.+Suspendisse+potenti.%0D%0A</text>
              <textSize>16</textSize>
              <useDefaultTextSize>False</useDefaultTextSize>
              <selectedIndex>-1</selectedIndex>
            </control>
            <control controlID="FB838162-A671-40AC-A1F9-BCF0181131C2" controlTypeID="Button" x="30" y="208" w="140" h="44" zOrder="2">
              <externalURL>https%3A%2F%2Fusenglish-ul.icims.com%2Fjobs%2F15538%2Fit-technical-analyst%2Fjob</externalURL>
              <font family="Segoe+UI" displayName="Segoe+UI" postScript="" weightStyle="Regular" weight="400" isBold="False" isItalic="False"/>
              <text>Apply+now</text>
              <lineSpacing>0</lineSpacing>
              <selectedIndex>-1</selectedIndex>
              <radius>4</radius>
            </control>
            <control controlID="FB2CBC1A-1984-47EF-96C1-E09E040C11A4" controlTypeID="Border" x="0" y="0" w="595" h="282" zOrder="3">
              <alias>borderLayer</alias>
            </control>
          </groupChildrenDescriptors>
          <thinkness>1</thinkness>
        </control>
        <control controlID="4B88880B-BA72-4C31-A04E-23140398FC5B" controlTypeID="Border" x="0" y="0" w="1920" h="1447" zOrder="7">
          <alias>borderLayer</alias>
        </control>
      </groupChildrenDescriptors>
      <thinkness>1</thinkness>
    </control>
    <control controlID="03BB0744-5BE0-480D-BE8E-2CA3856DA6A7" controlTypeID="Panel" x="0" y="1887" w="1920" h="235" zOrder="4">
      <color>4290781234</color>
      <borderVisible>False</borderVisible>
      <groupChildrenDescriptors>
        <control controlID="34F079D1-544B-4A6F-B2D0-C35B80D286FB" controlTypeID="VRule" x="954" y="46" w="12" h="145" zOrder="0">
          <color>4294967295</color>
        </control>
        <control controlID="22136A18-7213-4A63-A4F4-B16256142DF3" controlTypeID="__group__" x="183" y="52" w="750" h="129" zOrder="1">
          <groupChildrenDescriptors>
            <control controlID="84E8478E-60DC-4F87-ACB9-89E70871D153" controlTypeID="Label" x="0" y="0" w="90" h="19" zOrder="0">
              <font family="Segoe+UI" displayName="Segoe+UI" postScript="" weightStyle="Regular" weight="400" isBold="False" isItalic="False"/>
              <text>GET+IN+TOUCH</text>
              <textColor>4294967295</textColor>
              <lineSpacing>0</lineSpacing>
            </control>
            <control controlID="E739B35B-2E19-44FF-9BF3-F8AE918A2FF4" controlTypeID="TextArea" x="0" y="29" w="358" h="100" zOrder="1">
              <font family="Segoe+UI" displayName="Segoe+UI" postScript="" weightStyle="Regular" weight="400" isBold="False" isItalic="False"/>
              <text>Have+questions%2C+need+specifics%3F%0D%0ALet's+get+this+conversation%0D%0Astarted.</text>
              <textColor>4294967295</textColor>
              <textSize>24</textSize>
              <useDefaultTextSize>False</useDefaultTextSize>
            </control>
            <control controlID="B4E6607E-E393-438B-9B6B-12862B6E31F8" controlTypeID="Button" x="500" y="29" w="250" h="46" zOrder="2">
              <borderVisible>False</borderVisible>
              <font family="Segoe+UI" displayName="Segoe+UI" postScript="" weightStyle="Regular" weight="400" isBold="False" isItalic="False"/>
              <text>Contact+us</text>
              <lineSpacing>0</lineSpacing>
              <radius>4</radius>
            </control>
          </groupChildrenDescriptors>
        </control>
        <control controlID="896842B9-E126-49A6-9AAE-899D308E6C05" controlTypeID="__group__" x="986" y="52" w="750" h="129" zOrder="2">
          <groupChildrenDescriptors>
            <control controlID="6902022B-438B-490A-B27C-559D440212F0" controlTypeID="Label" x="0" y="0" w="127" h="19" zOrder="0">
              <font family="Segoe+UI" displayName="Segoe+UI" postScript="" weightStyle="Regular" weight="400" isBold="False" isItalic="False"/>
              <text>HELP+AND+SUPPORT</text>
              <textColor>4294967295</textColor>
              <lineSpacing>0</lineSpacing>
              <selectedIndex>-1</selectedIndex>
            </control>
            <control controlID="91833E92-D31C-4CBF-B9B9-A3FA481F8604" controlTypeID="TextArea" x="0" y="29" w="358" h="100" zOrder="1">
              <font family="Segoe+UI" displayName="Segoe+UI" postScript="" weightStyle="Regular" weight="400" isBold="False" isItalic="False"/>
              <text>How+can+we+Help%3F+</text>
              <textColor>4294967295</textColor>
              <textSize>24</textSize>
              <useDefaultTextSize>False</useDefaultTextSize>
              <selectedIndex>-1</selectedIndex>
            </control>
            <control controlID="07FBEA44-C7FC-451C-B9A5-5F1223CAF53A" controlTypeID="Button" x="500" y="29" w="250" h="46" zOrder="2">
              <borderVisible>False</borderVisible>
              <font family="Segoe+UI" displayName="Segoe+UI" postScript="" weightStyle="Regular" weight="400" isBold="False" isItalic="False"/>
              <text>Visit+help+center</text>
              <lineSpacing>0</lineSpacing>
              <selectedIndex>-1</selectedIndex>
              <radius>4</radius>
            </control>
          </groupChildrenDescriptors>
        </control>
        <control controlID="DD195FE2-2861-41DC-9A96-38FE7E7EDAC2" controlTypeID="Border" x="0" y="0" w="1920" h="235" zOrder="3">
          <borderVisible>False</borderVisible>
          <alias>borderLayer</alias>
        </control>
      </groupChildrenDescriptors>
      <thinkness>1</thinkness>
    </control>
    <control controlID="25F769FE-CE6F-47B7-B85D-CA9B7DF6D22B" controlTypeID="Panel" x="0" y="2122" w="1920" h="265" zOrder="5">
      <color>4283979864</color>
      <groupChildrenDescriptors>
        <control controlID="C4DEF252-A2C5-4BAB-94A7-B5C7FEE79F91" controlTypeID="Border" x="0" y="0" w="1920" h="265" zOrder="0">
          <alias>borderLayer</alias>
        </control>
      </groupChildrenDescriptors>
      <thinkness>1</thinkness>
    </control>
    <control controlID="C2EE6930-D247-4E08-9EA6-20865D698CC2" controlTypeID="Panel" x="0" y="2128" w="1920" h="265" zOrder="6">
      <color>4283979864</color>
      <borderVisible>False</borderVisible>
      <groupChildrenDescriptors>
        <control controlID="12654739-0177-4990-9416-60C50EDBFBDA" controlTypeID="__group__" x="241" y="60" w="88" h="97" zOrder="0">
          <groupChildrenDescriptors>
            <control controlID="8C40CAEC-3B2F-4080-BA11-4015B7D2DE5E" controlTypeID="Label" x="0" y="0" w="48" h="19" zOrder="0">
              <font family="Segoe+UI" displayName="Segoe+UI+Bold" postScript="" weightStyle="Bold" weight="700" isBold="True" isItalic="False"/>
              <text>Careers</text>
              <textColor>4294967295</textColor>
              <lineSpacing>0</lineSpacing>
              <textStyles>[fsBold]</textStyles>
            </control>
            <control controlID="2CD55378-7519-4373-B8BD-052AB80A4873" controlTypeID="Label" x="0" y="39" w="88" h="19" zOrder="1">
              <font family="Segoe+UI" displayName="Segoe+UI" postScript="" weightStyle="Regular" weight="400" isBold="False" isItalic="False"/>
              <text>Working+at+UL</text>
              <textColor>4294967295</textColor>
              <lineSpacing>0</lineSpacing>
            </control>
            <control controlID="80FE3E47-E780-4ADB-9DAD-76E0111958CD" controlTypeID="Label" x="0" y="78" w="65" h="19" zOrder="2">
              <font family="Segoe+UI" displayName="Segoe+UI" postScript="" weightStyle="Regular" weight="400" isBold="False" isItalic="False"/>
              <text>Job+Search</text>
              <textColor>4294967295</textColor>
              <lineSpacing>0</lineSpacing>
              <selectedIndex>-1</selectedIndex>
            </control>
          </groupChildrenDescriptors>
        </control>
        <control controlID="7E3E0DE2-FED3-4E2C-A1FE-71BC576E530B" controlTypeID="__group__" x="389" y="60" w="164" h="136" zOrder="1">
          <groupChildrenDescriptors>
            <control controlID="F1721374-580D-4BE8-AFE7-8ABA56108E77" controlTypeID="Label" x="0" y="0" w="136" h="19" zOrder="0">
              <font family="Segoe+UI" displayName="Segoe+UI+Bold" postScript="" weightStyle="Bold" weight="700" isBold="True" isItalic="False"/>
              <text>HELP+AND+SUPPORT</text>
              <textColor>4294967295</textColor>
              <lineSpacing>0</lineSpacing>
              <textStyles>[fsBold]</textStyles>
              <selectedIndex>-1</selectedIndex>
            </control>
            <control controlID="0E340C64-1605-4EFF-AF7D-BC5161CCB363" controlTypeID="Label" x="0" y="39" w="73" h="19" zOrder="1">
              <font family="Segoe+UI" displayName="Segoe+UI" postScript="" weightStyle="Regular" weight="400" isBold="False" isItalic="False"/>
              <text>Help+Center</text>
              <textColor>4294967295</textColor>
              <lineSpacing>0</lineSpacing>
              <selectedIndex>-1</selectedIndex>
            </control>
            <control controlID="05C1733E-1158-47BD-8691-0BD61B0E2B6A" controlTypeID="Label" x="0" y="78" w="164" h="19" zOrder="2">
              <font family="Segoe+UI" displayName="Segoe+UI" postScript="" weightStyle="Regular" weight="400" isBold="False" isItalic="False"/>
              <text>Tools%2C+Apps+and+Databases</text>
              <textColor>4294967295</textColor>
              <lineSpacing>0</lineSpacing>
              <selectedIndex>-1</selectedIndex>
            </control>
            <control controlID="837AA1EC-BB9C-4448-BC1D-019DD31B7FB8" controlTypeID="Label" x="0" y="117" w="107" h="19" zOrder="3">
              <font family="Segoe+UI" displayName="Segoe+UI" postScript="" weightStyle="Regular" weight="400" isBold="False" isItalic="False"/>
              <text>Report+a+Concern</text>
              <textColor>4294967295</textColor>
              <lineSpacing>0</lineSpacing>
              <selectedIndex>-1</selectedIndex>
            </control>
          </groupChildrenDescriptors>
        </control>
        <control controlID="FCAED3B2-0777-4A6F-AB68-EE50F3239AE7" controlTypeID="__group__" x="613" y="60" w="168" h="136" zOrder="2">
          <groupChildrenDescriptors>
            <control controlID="84B5AD8E-B4E8-45E0-A132-7CC8C5AA4607" controlTypeID="Label" x="0" y="0" w="120" h="19" zOrder="0">
              <font family="Segoe+UI" displayName="Segoe+UI+Bold" postScript="" weightStyle="Bold" weight="700" isBold="True" isItalic="False"/>
              <text>CONTACT+CENTER</text>
              <textColor>4294967295</textColor>
              <lineSpacing>0</lineSpacing>
              <textStyles>[fsBold]</textStyles>
              <selectedIndex>-1</selectedIndex>
            </control>
            <control controlID="6A01E4CE-5163-40A4-8A99-9FF8CFD09210" controlTypeID="Label" x="0" y="39" w="67" h="19" zOrder="1">
              <font family="Segoe+UI" displayName="Segoe+UI" postScript="" weightStyle="Regular" weight="400" isBold="False" isItalic="False"/>
              <text>Contact+Us</text>
              <textColor>4294967295</textColor>
              <lineSpacing>0</lineSpacing>
              <selectedIndex>-1</selectedIndex>
            </control>
            <control controlID="D9014238-44F2-44DE-BCFC-D7701D13630B" controlTypeID="Label" x="0" y="78" w="168" h="19" zOrder="2">
              <font family="Segoe+UI" displayName="Segoe+UI" postScript="" weightStyle="Regular" weight="400" isBold="False" isItalic="False"/>
              <text>Manage+Your+Subscriptions</text>
              <textColor>4294967295</textColor>
              <lineSpacing>0</lineSpacing>
              <selectedIndex>-1</selectedIndex>
            </control>
            <control controlID="3613FAA8-59E2-4C9C-A7BE-32CCE381F6A4" controlTypeID="Label" x="0" y="117" w="58" h="19" zOrder="3">
              <font family="Segoe+UI" displayName="Segoe+UI" postScript="" weightStyle="Regular" weight="400" isBold="False" isItalic="False"/>
              <text>Locations</text>
              <textColor>4294967295</textColor>
              <lineSpacing>0</lineSpacing>
              <selectedIndex>-1</selectedIndex>
            </control>
          </groupChildrenDescriptors>
        </control>
        <control controlID="AF62809F-54B9-4134-9CEB-AFC680FC2047" controlTypeID="__group__" x="1261" y="60" w="402" h="79" zOrder="3">
          <groupChildrenDescriptors>
            <control controlID="47496F9C-CC23-4ECA-B4B2-52A3A66C2664" controlTypeID="Label" x="0" y="0" w="120" h="19" zOrder="0">
              <font family="Segoe+UI" displayName="Segoe+UI+Bold" postScript="" weightStyle="Bold" weight="700" isBold="True" isItalic="False"/>
              <text>CONTACT+CENTER</text>
              <textColor>4294967295</textColor>
              <lineSpacing>0</lineSpacing>
              <textStyles>[fsBold]</textStyles>
              <selectedIndex>-1</selectedIndex>
            </control>
            <control controlID="DA348411-9982-47EE-BE17-383007ED783C" controlTypeID="CompositeComboBox" x="0" y="39" w="402" h="40" zOrder="1">
              <color>4282203453</color>
              <borderVisible>False</borderVisible>
              <groupChildrenDescriptors>
                <control controlID="C0B2FA08-DF4D-424D-B0E9-2FD9D78719D1" controlTypeID="TextInput" x="0" y="0" w="379" h="40" zOrder="0">
                  <locked>True</locked>
                  <color>4282203453</color>
                  <borderVisible>False</borderVisible>
                  <canMove>False</canMove>
                  <alias>input</alias>
                  <font family="Segoe+UI" displayName="Segoe+UI" postScript="" weightStyle="Regular" weight="400" isBold="False" isItalic="False" useDefaultFontFamily="False"/>
                  <text>Select+a+regional+website</text>
                  <textColor>4294967295</textColor>
                  <textSize>16</textSize>
                  <lineSpacing>0</lineSpacing>
                </control>
                <control controlID="CF893ED0-FA83-4432-B5BC-4CE69A286CB7" controlTypeID="Button" x="378" y="0" w="24" h="40" zOrder="1">
                  <locked>True</locked>
                  <color>4282203453</color>
                  <borderVisible>False</borderVisible>
                  <canMove>False</canMove>
                  <alias>button</alias>
                  <font family="Segoe+UI" displayName="Segoe+UI" postScript="" weightStyle="Regular" weight="400" isBold="False" isItalic="False"/>
                  <lineSpacing>0</lineSpacing>
                  <radius>0</radius>
                </control>
                <control controlID="0176287D-5BCC-433C-ADAE-D03219718337" controlTypeID="List" x="0" y="40" w="402" h="40" zOrder="2">
                  <isShow>False</isShow>
                  <borderVisible>False</borderVisible>
                  <canMove>False</canMove>
                  <alias>dropDown</alias>
                  <font family="Segoe+UI" displayName="Segoe+UI" postScript="" weightStyle="Regular" weight="400" isBold="False" isItalic="False" useDefaultFontFamily="False"/>
                  <text>Select+a+regional+website</text>
                  <textSize>16</textSize>
                  <lineSpacing>0</lineSpacing>
                  <itemHeight>40</itemHeight>
                  <interlaceColor>4294967295</interlaceColor>
                </control>
              </groupChildrenDescriptors>
              <baseHeight>40</baseHeight>
              <font family="%E5%BE%AE%E8%BD%AF%E9%9B%85%E9%BB%91"/>
              <textColor>4294967295</textColor>
              <textSize>16</textSize>
            </control>
          </groupChildrenDescriptors>
        </control>
        <control controlID="A74F8579-6752-42C7-A538-71D656CDB5D0" controlTypeID="Border" x="0" y="0" w="1920" h="265" zOrder="4">
          <borderVisible>False</borderVisible>
          <alias>borderLayer</alias>
        </control>
      </groupChildrenDescriptors>
      <thinkness>1</thinkness>
    </control>
    <control controlID="CDB33051-4BC9-4EDB-A589-D7EE71307B46" controlTypeID="Panel" x="0" y="2393" w="1920" h="118" zOrder="7">
      <color>4282203453</color>
      <borderVisible>False</borderVisible>
      <groupChildrenDescriptors>
        <control controlID="11758F8E-DEF8-4BAF-9307-15C0E9A7A1B5" controlTypeID="Image" x="183" y="34" w="50" h="50" zOrder="0">
          <URL>E0CB9241CF7492313283BA6351728768.png</URL>
        </control>
        <control controlID="DAAB63C7-13E4-4680-8278-437EC3B1C6AB" controlTypeID="Label" x="263" y="34" w="437" h="19" zOrder="1">
          <font family="Segoe+UI" displayName="Segoe+UI" postScript="" weightStyle="Regular" weight="400" isBold="False" isItalic="False"/>
          <text>UL+and+the+UL+logo+are+trademarks+of+UL+LLC+C2020.+All+rights+reserved</text>
          <textColor>4294967295</textColor>
          <lineSpacing>0</lineSpacing>
        </control>
        <control controlID="10A63485-4285-47E3-8F9B-94468A55863B" controlTypeID="Label" x="263" y="63" w="89" h="19" zOrder="2">
          <font family="Segoe+UI" displayName="Segoe+UI" postScript="" weightStyle="Regular" weight="400" isBold="False" isItalic="False"/>
          <text>Online+Policies</text>
          <textColor>4294967295</textColor>
          <lineSpacing>0</lineSpacing>
          <textStyles>[fsUnderline]</textStyles>
        </control>
        <control controlID="5847ADB6-507C-49E5-A791-D246F30B8200" controlTypeID="Label" x="372" y="63" w="90" h="19" zOrder="3">
          <font family="Segoe+UI" displayName="Segoe+UI" postScript="" weightStyle="Regular" weight="400" isBold="False" isItalic="False"/>
          <text>About+Cookies</text>
          <textColor>4294967295</textColor>
          <lineSpacing>0</lineSpacing>
          <textStyles>[fsUnderline]</textStyles>
          <selectedIndex>-1</selectedIndex>
        </control>
        <control controlID="AA1E209C-0F3C-4D04-8772-17578757EA55" controlTypeID="Label" x="482" y="63" w="215" h="19" zOrder="4">
          <font family="Segoe+UI" displayName="Segoe+UI" postScript="" weightStyle="Regular" weight="400" isBold="False" isItalic="False"/>
          <text>Data+Subject+Access+Request+Portal</text>
          <textColor>4294967295</textColor>
          <lineSpacing>0</lineSpacing>
          <textStyles>[fsUnderline]</textStyles>
          <selectedIndex>-1</selectedIndex>
        </control>
        <control controlID="8EB1C2D9-5898-4DE0-8662-76A599B3D820" controlTypeID="Icon" x="1068" y="1937" w="24" h="24" zOrder="5">
          <icon>
            <ID/>
            <iconFontName>jdIonicons</iconFontName>
            <iconCode>62029</iconCode>
          </icon>
          <URL>4529DADA0AD1F8BF89E5709239A0C3BD.svg</URL>
        </control>
        <control controlID="15F36813-8101-45B2-ABBC-3275A14B44DF" controlTypeID="Icon" x="1068" y="1937" w="24" h="24" zOrder="6">
          <icon>
            <ID/>
            <iconFontName/>
            <iconCode>-1</iconCode>
          </icon>
        </control>
        <control controlID="47C61716-0FD8-4435-AD56-ACBAD69FE1B3" controlTypeID="Icon" x="1709" y="41" w="24" h="24" zOrder="7">
          <color>4294967295</color>
          <icon>
            <ID/>
            <iconFontName>jdIonicons</iconFontName>
            <iconCode>62029</iconCode>
          </icon>
          <URL>4529DADA0AD1F8BF89E5709239A0C3BD.svg</URL>
        </control>
        <control controlID="6D21CF98-92CC-43BC-B8D4-8D100F23B886" controlTypeID="Icon" x="1645" y="41" w="24" h="24" zOrder="8">
          <color>4294967295</color>
          <icon>
            <ID/>
            <iconFontName>jdIcoMoonFree</iconFontName>
            <iconCode>60050</iconCode>
          </icon>
          <URL>2DA8D388257A0D980CD8471C8D086AEA.svg</URL>
        </control>
        <control controlID="10FCD7CA-E348-4D66-AF46-4FFFB969E9EF" controlTypeID="Icon" x="1581" y="41" w="24" h="24" zOrder="9">
          <color>4294967295</color>
          <icon>
            <ID/>
            <iconFontName>jdFontAwesome</iconFontName>
            <iconCode>61594</iconCode>
          </icon>
          <URL>D490C652DAD7B0B7B04404FDF6724B82.svg</URL>
        </control>
        <control controlID="4A1F4A3E-B6E6-4B0C-B226-EA2AD6FBF4FD" controlTypeID="Icon" x="1517" y="41" w="24" h="24" zOrder="10">
          <color>4294967295</color>
          <icon>
            <ID/>
            <iconFontName>jdIonicons</iconFontName>
            <iconCode>62019</iconCode>
          </icon>
          <URL>6E397F998770B38A343BB5B849DF19E9.svg</URL>
        </control>
        <control controlID="2105885D-70C7-44FD-B150-7672EB700CDC" controlTypeID="Icon" x="1453" y="41" w="24" h="24" zOrder="11">
          <color>4294967295</color>
          <icon>
            <ID/>
            <iconFontName>jdFontAwesome</iconFontName>
            <iconCode>61580</iconCode>
          </icon>
          <URL>24B6825248D2E3B41E6A51EC7FE24971.svg</URL>
        </control>
        <control controlID="6DFA44D3-BEE3-4A43-8F68-764CCC704412" controlTypeID="Border" x="0" y="0" w="1920" h="118" zOrder="12">
          <borderVisible>False</borderVisible>
          <alias>borderLayer</alias>
        </control>
      </groupChildrenDescriptors>
      <thinkness>1</thinkness>
    </control>
  </controls>
  <param>
    <backgroundColor>4294967295</backgroundColor>
    <fontSize>14</fontSize>
    <fontFamily>Segoe+UI</fontFamily>
    <guideLines>
      <guideLine isLocked="False" isHori="False" value="2512"/>
    </guideLines>
  </param>
</mockup>